{
  "feature_order": [
    "sex",
    "cp",
    "chol",
    "fbs",
    "thalach",
    "exang",
    "oldpeak",
    "slope",
    "ca",
    "thal"
  ],
  "feature_indices": [
    1,
    2,
    4,
    5,
    7,
    8,
    9,
    10,
    11,
    12
  ],
  "imputer_statistics": [
    56.0,
    1.0,
    3.0,
    130.0,
    241.0,
    0.0,
    1.0,
    153.0,
    0.0,
    0.8,
    2.0,
    0.0,
    3.0
  ],
  "scaler_mean": [
    54.43894389438944,
    0.6798679867986799,
    3.1584158415841586,
    131.68976897689768,
    246.69306930693068,
    0.1485148514851485,
    0.9900990099009901,
    149.6072607260726,
    0.32673267326732675,
    1.0396039603960396,
    1.6006600660066006,
    0.6633663366336634,
    4.7227722772277225
  ],
  "scaler_scale": [
    9.02373483119838,
    0.46652707030245294,
    0.9585399368696783,
    17.570681239512478,
    51.6914064726489,
    0.3556096038825341,
    0.9933280677918277,
    22.83722455049312,
    0.4690185854386935,
    1.1591574732421364,
    0.6152084301256651,
    0.9328323142577896,
    1.9351813785648928
  ],
  "risk_thresholds": {
    "low_max": 0.35,
    "high_min": 0.65
  },
  "dataset_note": "UCI Cleveland supports binary angiographic disease presence. The app reports risk tier (Low/Medium/High) from model probability, not multi-class disease labels."
}